<PAMDataset>
  <Metadata>
    <MDI key="ACQDATE">2015-01-27 11:40:55.672130</MDI>
    <MDI key="CAT_ID">10504100121D3400</MDI>
    <MDI key="CLOUDCOVER">0.0</MDI>
    <MDI key="IMAGENAME">GE01_20150127114055_10504100121D3400_15JAN27114055-P1BS-054747407140_01_P003.ntf</MDI>
    <MDI key="NITF_ABPP">11</MDI>
    <MDI key="NITF_CCS_COLUMN">0</MDI>
    <MDI key="NITF_CCS_ROW">0</MDI>
    <MDI key="NITF_CLEVEL">06</MDI>
    <MDI key="NITF_CSDIDA_DAY">27</MDI>
    <MDI key="NITF_CSDIDA_MONTH">JAN</MDI>
    <MDI key="NITF_CSDIDA_OPERATION">000</MDI>
    <MDI key="NITF_CSDIDA_PASS">08</MDI>
    <MDI key="NITF_CSDIDA_PLATFORM_CODE">GE</MDI>
    <MDI key="NITF_CSDIDA_PROCESS_TIME">20151016123101</MDI>
    <MDI key="NITF_CSDIDA_PRODUCT_ID">P1</MDI>
    <MDI key="NITF_CSDIDA_RESERVED_0">0000</MDI>
    <MDI key="NITF_CSDIDA_RESERVED_1">00</MDI>
    <MDI key="NITF_CSDIDA_RESERVED_2">01</MDI>
    <MDI key="NITF_CSDIDA_RESERVED_3">N</MDI>
    <MDI key="NITF_CSDIDA_RESERVED_4">N</MDI>
    <MDI key="NITF_CSDIDA_SENSOR_ID">AA</MDI>
    <MDI key="NITF_CSDIDA_SOFTWARE_VERSION_NUMBER">4.45.6.1</MDI>
    <MDI key="NITF_CSDIDA_TIME">20150127114055</MDI>
    <MDI key="NITF_CSDIDA_VEHICLE_ID">01</MDI>
    <MDI key="NITF_CSDIDA_YEAR">2015</MDI>
    <MDI key="NITF_CSEXRA_ALONG_SCAN_GSD">016.0</MDI>
    <MDI key="NITF_CSEXRA_ANGLE_TO_NORTH">090.000</MDI>
    <MDI key="NITF_CSEXRA_AZ_OF_OBLIQUITY">098.742</MDI>
    <MDI key="NITF_CSEXRA_A_S_VERT_GSD">N/A</MDI>
    <MDI key="NITF_CSEXRA_CIRCL_ERR">016</MDI>
    <MDI key="NITF_CSEXRA_CROSS_SCAN_GSD">016.1</MDI>
    <MDI key="NITF_CSEXRA_C_S_VERT_GSD">N/A</MDI>
    <MDI key="NITF_CSEXRA_DYNAMIC_RANGE">01961</MDI>
    <MDI key="NITF_CSEXRA_GEO_MEAN_GSD">016.1</MDI>
    <MDI key="NITF_CSEXRA_GEO_MEAN_VERT_GSD">N/A</MDI>
    <MDI key="NITF_CSEXRA_GRD_COVER">9</MDI>
    <MDI key="NITF_CSEXRA_GSD_BETA_ANGLE">089.9</MDI>
    <MDI key="NITF_CSEXRA_LINEAR_ERR">016</MDI>
    <MDI key="NITF_CSEXRA_MAX_GSD">016.1</MDI>
    <MDI key="NITF_CSEXRA_NUM_LINES">0038912</MDI>
    <MDI key="NITF_CSEXRA_NUM_SAMPLES">37888</MDI>
    <MDI key="NITF_CSEXRA_OBLIQUITY_ANGLE">05.269</MDI>
    <MDI key="NITF_CSEXRA_PREDICTED_NIIRS">5.5</MDI>
    <MDI key="NITF_CSEXRA_SENSOR">PAN</MDI>
    <MDI key="NITF_CSEXRA_SNOW_DEPTH_CAT">9</MDI>
    <MDI key="NITF_CSEXRA_SUN_AZIMUTH">144.774</MDI>
    <MDI key="NITF_CSEXRA_SUN_ELEVATION">+49.226</MDI>
    <MDI key="NITF_CSEXRA_TIME_FIRST_LINE_IMAGE">42055.672130</MDI>
    <MDI key="NITF_CSEXRA_TIME_IMAGE_DURATION">-0003.867500</MDI>
    <MDI key="NITF_ENCRYP">0</MDI>
    <MDI key="NITF_FBKGC">126,126,126</MDI>
    <MDI key="NITF_FDT">20151016123101</MDI>
    <MDI key="NITF_FHDR">NITF02.10</MDI>
    <MDI key="NITF_FSCLAS">U</MDI>
    <MDI key="NITF_FSCLSY">US</MDI>
    <MDI key="NITF_FSCOP">00000</MDI>
    <MDI key="NITF_FSCPYS">00000</MDI>
    <MDI key="NITF_FTITLE">15JAN27114055-P1BS-054747407140_01_P003.NTF</MDI>
    <MDI key="NITF_IALVL">0</MDI>
    <MDI key="NITF_IC">C8</MDI>
    <MDI key="NITF_ICAT">VIS</MDI>
    <MDI key="NITF_ICORDS">G</MDI>
    <MDI key="NITF_IDATIM">20150127114055</MDI>
    <MDI key="NITF_IDLVL">1</MDI>
    <MDI key="NITF_IGEOLO">152013N0153134W152010N0152259W151140N0152259W151139N0153134W</MDI>
    <MDI key="NITF_IID1">P1121D3400</MDI>
    <MDI key="NITF_IID2">27JAN15GE010800015JAN27114055-P1BS-054747407140_01_P003</MDI>
    <MDI key="NITF_ILOC_COLUMN">0</MDI>
    <MDI key="NITF_ILOC_ROW">0</MDI>
    <MDI key="NITF_IMAG">1.0 </MDI>
    <MDI key="NITF_IMAGE_COMMENTS">The imagery and metadata data on this media is the property of                  DigitalGlobe and is licensed for use only. All use must be in                   accordance with the terms of the license that accompanies the media.            If the license is purchased under contract NMA 301 99 D003, use is              in accordance with the license therein                                          </MDI>
    <MDI key="NITF_IMODE">B</MDI>
    <MDI key="NITF_IREP">MONO</MDI>
    <MDI key="NITF_ISCLAS">U</MDI>
    <MDI key="NITF_ISCLSY">US</MDI>
    <MDI key="NITF_ISORCE">DigitalGlobe</MDI>
    <MDI key="NITF_ONAME">DigitalGlobe</MDI>
    <MDI key="NITF_OPHONE">+1(800)496-1225</MDI>
    <MDI key="NITF_OSTAID">DG</MDI>
    <MDI key="NITF_PIAIMC_CLOUDCVR">000</MDI>
    <MDI key="NITF_PIAIMC_COMGEN">00</MDI>
    <MDI key="NITF_PIAIMC_ESD">Y</MDI>
    <MDI key="NITF_PIAIMC_GENERATION">1</MDI>
    <MDI key="NITF_PIAIMC_IDATUM">WGE</MDI>
    <MDI key="NITF_PIAIMC_MEANGSD">00016.1</MDI>
    <MDI key="NITF_PIAIMC_PREPROC">1R</MDI>
    <MDI key="NITF_PIAIMC_SATTRACK">00000000</MDI>
    <MDI key="NITF_PIAIMC_SENSMODE">PUSHBROOM</MDI>
    <MDI key="NITF_PIAIMC_SENSNAME">GE01</MDI>
    <MDI key="NITF_PIAIMC_SOURCE">VNIR: 10504100121D3400</MDI>
    <MDI key="NITF_PIAIMC_SRP">Y</MDI>
    <MDI key="NITF_PJUST">R</MDI>
    <MDI key="NITF_PVTYPE">INT</MDI>
    <MDI key="NITF_STDIDC_ACQUISITION_DATE">20150127114055</MDI>
    <MDI key="NITF_STDIDC_COUNTRY">US</MDI>
    <MDI key="NITF_STDIDC_END_COLUMN">037</MDI>
    <MDI key="NITF_STDIDC_END_ROW">00038</MDI>
    <MDI key="NITF_STDIDC_END_SEGMENT">AA</MDI>
    <MDI key="NITF_STDIDC_LOCATION">1520N01527W</MDI>
    <MDI key="NITF_STDIDC_MISSION">GE01</MDI>
    <MDI key="NITF_STDIDC_OP_NUM">000</MDI>
    <MDI key="NITF_STDIDC_PASS">08</MDI>
    <MDI key="NITF_STDIDC_REPLAY_REGEN">000</MDI>
    <MDI key="NITF_STDIDC_REPRO_NUM">00</MDI>
    <MDI key="NITF_STDIDC_START_COLUMN">001</MDI>
    <MDI key="NITF_STDIDC_START_ROW">00001</MDI>
    <MDI key="NITF_STDIDC_START_SEGMENT">AA</MDI>
    <MDI key="NITF_STYPE">BF01</MDI>
    <MDI key="NITF_USE00A_ANGLE_TO_NORTH">090</MDI>
    <MDI key="NITF_USE00A_DYNAMIC_RANGE">01798</MDI>
    <MDI key="NITF_USE00A_MAX_LP_SEG">038676</MDI>
    <MDI key="NITF_USE00A_MEAN_GSD">016.1</MDI>
    <MDI key="NITF_USE00A_N_REF">00</MDI>
    <MDI key="NITF_USE00A_N_SEG">001</MDI>
    <MDI key="NITF_USE00A_OBL_ANG">05.27</MDI>
    <MDI key="NITF_USE00A_REV_NUM">34154</MDI>
    <MDI key="NITF_USE00A_ROLL_ANG">+01.84</MDI>
    <MDI key="NITF_USE00A_SUN_AZ">144.8</MDI>
    <MDI key="NITF_USE00A_SUN_EL">+49.2</MDI>
    <MDI key="OFF_NADIR">5.4</MDI>
    <MDI key="RESOLUTION">0.5</MDI>
    <MDI key="RF_ADD">0.0</MDI>
    <MDI key="RF_MULT">2000.0</MDI>
    <MDI key="SAT_AZ">98.7</MDI>
    <MDI key="SAT_ELEV">84.1</MDI>
    <MDI key="SENSOR">GE01</MDI>
    <MDI key="SRC_LL">-15.526111111111112 15.194166666666668</MDI>
    <MDI key="SRC_LR">-15.383055555555556 15.194444444444445</MDI>
    <MDI key="SRC_UL">-15.526111111111112 15.336944444444445</MDI>
    <MDI key="SRC_UR">-15.383055555555556 15.336111111111112</MDI>
    <MDI key="SUN_AZ">144.8</MDI>
    <MDI key="SUN_ELEV">49.2</MDI>
    <MDI key="TDI">16.0</MDI>
  </Metadata>
  <PAMRasterBand band="1">
    <Histograms>
      <HistItem>
        <HistMin>226.501269035533</HistMin>
        <HistMax>620.498730964467</HistMax>
        <BucketCount>394</BucketCount>
        <IncludeOutOfRange>0</IncludeOutOfRange>
        <Approximate>0</Approximate>
        <HistCounts>2|6|4|6|5|6|12|11|11|15|11|44|33|26|32|43|32|39|50|37|55|105|50|53|53|66|65|59|50|64|68|132|46|71|54|59|70|56|64|81|60|120|69|54|58|74|56|65|64|68|50|128|60|55|70|54|53|66|69|51|53|119|57|54|47|47|61|44|41|58|49|110|63|67|48|46|38|58|61|58|47|127|67|69|51|62|58|66|79|66|53|134|62|64|75|68|63|75|70|72|93|145|78|74|87|64|88|70|69|91|75|177|85|83|87|95|99|87|110|96|111|201|111|110|105|100|95|116|139|131|236|112|131|128|137|124|126|139|128|133|258|150|136|131|142|138|142|136|123|144|290|152|154|162|157|156|156|155|154|149|318|145|159|141|173|172|171|167|173|156|311|179|183|181|182|167|195|174|168|166|385|174|183|203|184|202|203|224|217|193|405|254|240|227|242|242|226|265|249|263|553|310|250|299|303|286|343|344|363|397|738|393|429|403|418|438|448|490|449|497|1059|577|611|615|589|660|704|700|723|791|1557|842|901|924|1005|1029|1095|1143|1137|1246|2715|1386|1495|1486|1496|1524|1517|1610|1627|1615|3365|1707|1755|1779|1800|1885|1870|1921|1909|1868|3929|1843|1945|2018|1984|2057|1953|1979|1986|1900|3864|1888|1963|1867|1821|1798|1921|1768|1802|1724|3427|1693|1683|1591|1529|1541|1481|1471|1452|1448|2704|1314|1357|1235|1168|1238|1140|1172|1178|1111|2060|1006|1008|980|886|831|846|822|793|797|1364|666|598|566|582|503|516|508|466|453|786|382|331|339|313|322|287|257|255|474|207|185|193|190|154|151|142|132|130|230|88|78|67|70|66|47|55|48|45|75|39|27|27|52|23|20|20|12|11|35|13|9|13|10|8|10|6|5|3|8|4|2|1|4|0|2|2|1|3|2|0|0|0|0|0|0|0|0|0|0|0|0|0|1</HistCounts>
      </HistItem>
    </Histograms>
    <Metadata>
      <MDI key="Description">Panchromatic</MDI>
      <MDI key="STATISTICS_MAXIMUM">620</MDI>
      <MDI key="STATISTICS_MEAN">477.94144497262</MDI>
      <MDI key="STATISTICS_MINIMUM">227</MDI>
      <MDI key="STATISTICS_STDDEV">55.184504104163</MDI>
      <MDI key="STATISTICS_VALID_PERCENT">100</MDI>
    </Metadata>
  </PAMRasterBand>
  <PAMRasterBand band="2">
    <Histograms>
      <HistItem>
        <HistMin>1037.500954198473</HistMin>
        <HistMax>1561.499045801527</HistMax>
        <BucketCount>524</BucketCount>
        <IncludeOutOfRange>0</IncludeOutOfRange>
        <Approximate>0</Approximate>
        <HistCounts>2|1|0|1|0|0|0|0|1|2|1|3|1|3|4|3|2|4|2|5|4|3|5|6|7|6|13|6|10|11|13|21|14|20|26|19|23|27|39|39|35|42|43|28|42|50|35|52|39|63|64|64|79|43|60|90|67|72|87|85|83|96|102|121|113|148|140|146|183|173|219|275|300|341|469|532|594|593|580|532|600|599|699|716|762|784|845|991|968|1059|1155|1162|1239|1232|1360|1411|1463|1491|1495|1585|1719|1841|1907|1976|1954|2090|2185|2290|2444|2655|2680|2796|3127|3092|3332|3374|3507|3739|3877|3975|3975|4168|4266|4281|4233|4247|4082|4095|4098|3832|3778|3520|3359|3144|3005|2903|2714|2520|2156|1836|1565|1385|1207|1051|899|892|830|808|655|638|599|552|508|462|462|356|344|349|317|287|306|213|267|238|201|193|183|163|166|154|151|158|136|150|128|103|115|115|122|92|120|90|102|84|102|100|69|95|83|92|81|82|74|77|77|73|75|83|72|60|73|53|62|69|67|69|63|71|63|59|65|40|61|63|82|52|52|60|60|73|57|55|44|58|47|52|46|41|65|53|43|49|50|48|28|50|48|46|45|49|35|52|51|55|31|44|34|49|30|40|33|30|35|38|48|37|29|41|28|35|34|27|29|32|30|27|29|33|34|27|32|22|26|35|35|29|34|37|33|23|37|27|33|31|35|30|28|17|23|35|31|23|24|29|37|33|44|32|29|26|30|25|28|34|18|23|30|25|35|25|29|27|28|30|26|34|40|26|20|25|24|37|25|30|19|25|33|16|27|25|22|24|19|19|21|24|21|22|23|28|20|27|19|24|27|17|19|25|24|27|21|17|23|20|24|21|24|21|19|22|19|10|25|18|19|20|18|20|20|19|15|17|19|12|20|19|20|13|11|20|15|20|17|17|18|17|18|17|15|16|14|21|12|17|17|10|18|12|13|11|16|16|13|14|16|4|15|12|13|17|19|14|12|10|13|15|16|12|7|11|6|9|5|11|14|11|11|5|3|11|8|12|6|15|6|6|10|11|7|10|8|4|8|7|10|6|8|12|11|8|5|2|3|4|9|7|5|5|6|5|8|4|7|5|3|6|2|3|4|5|0|1|3|3|2|1|6|0|2|2|0|2|2|0|2|0|0|0|1|1|1|1|0|1|0|1|0|0|2|1|0|0|1|0|1|2|0|0|2|0|0|0|0|1|0|1|0|0|2|1|0|0|0|1</HistCounts>
      </HistItem>
    </Histograms>
    <Metadata>
      <MDI key="Description">NDVI</MDI>
      <MDI key="STATISTICS_MAXIMUM">1561</MDI>
      <MDI key="STATISTICS_MEAN">1163.2856030912</MDI>
      <MDI key="STATISTICS_MINIMUM">1038</MDI>
      <MDI key="STATISTICS_STDDEV">41.817211120004</MDI>
      <MDI key="STATISTICS_VALID_PERCENT">100</MDI>
    </Metadata>
  </PAMRasterBand>
</PAMDataset>
